Column_1,Column_2,Column_3,Column_4,Column_5,Column_6,Column_7,Column_8,Column_9,Column_10,Column_11
342.99862208644186,350.04551649178205,146.31482943869773,275.84221435398587,297.392312132794,219.16755309420904,2.61077204502817,340.6125021766214,-347.7480495259232,1.9570636405416413,-0.5728720895377487
290.438263919151,384.0080972823988,134.00227896287595,211.96045487079343,282.0798329831153,284.5638501927862,2.429192113380586,290.3580868938379,-381.1434132199638,-0.24141441042020614,-1.666610291149916
99.30968876536608,323.74848283559913,160.38631569677977,6.427837403130877,24.83018326851217,84.63606245695303,2.3444101349510102,101.64612420899981,-326.1265054003592,0.9519603635098018,0.6902368003802725
395.55898025373267,277.09768812128175,49.57336141438367,89.75187151164272,104.45507484684171,453.75736533149376,2.472760402950019,393.8331695762317,-277.6081920054863,1.1011557622472865,-2.5583683832571023
414.67183776911116,241.6936784537124,21.430388898219576,14.760240813982062,107.51757067677745,113.58663695132529,2.2904842477320013,410.0664437900217,-241.628229470631,-0.40996050385277344,-0.73151340389633
357.3332652229757,158.1354041743149,79.47526971280801,136.96882417313276,294.3298163028583,432.06300596162674,2.52541738922462,356.4433737027263,-158.66923359834357,-0.7470780793016416,-1.0231955113182944
357.3332652229757,385.8117230926352,60.126976107945204,25.870112028450308,269.8298496633723,300.7932440339426,2.4740749557419774,355.5836244628234,-382.22587790997346,1.1453891885473528,-1.0299346709057469
419.4500521479558,399.2555333575387,9.117838422397783,11.982773010365001,239.20489136401477,282.0222587469047,2.6233686921376034,414.89730513077177,-398.80762280135923,-0.5315569372430567,-0.7490314709550956
476.78862469409125,122.70727429873881,142.79695787417722,61.977193475472106,98.3300831869702,239.45112659487765,2.5648924210506996,477.3584044792357,-124.3180179528395,-0.8943499126754028,1.21737356975163
113.64433190189995,131.30467053194462,119.9307927047939,25.870112028450308,141.20502480607072,113.13790104967154,2.360800366281199,114.05851962636585,-130.1117858528233,-0.6839595017990969,0.8205554190063729
13.30182994616287,203.57478294127515,81.23420549506828,120.30401735143039,49.330149907998184,88.88836423095228,2.4161612508882113,15.586482855239574,-203.03283386358277,-0.5356133384254117,-0.2517306819925051
104.0879031442107,188.6638318711751,42.537618285342646,3.650369599513816,208.57993306465727,108.57677194268167,2.552066442053421,101.84625841316992,-188.05544603206826,0.8566171046256775,1.1336234718590492
252.212548888394,407.59261279180276,114.65398535801313,34.20251543930149,113.64256233664896,93.32705265066694,2.5847079009985032,249.01427591549998,-403.9768604742044,0.5150426732761878,-1.062297155166374
8.523615567318247,79.40703798436672,16.15358155143881,109.19414613696215,165.70499144555674,358.9910365318475,2.622250091488688,7.710169401225079,-78.70546763285711,0.715658244757891,-1.1982833857471582
419.4500521479558,16.118072753230432,97.06462753541058,3.650369599513816,260.642362173565,166.6407464771,2.621450928530535,419.2733668299376,-16.725395800978426,0.4213798110980826,0.8635966592465905
142.3136181749677,206.89458382777178,51.33229719664392,231.40272949611284,43.20515824812668,35.73043495835638,2.4910477389752095,144.1563173809407,-210.805136680392,-0.5938401622466388,0.579643229322647
180.53933320572466,80.56875578829295,7.3589026401375275,178.6308412273887,291.26732047292256,443.87423653161716,2.536265562225117,183.36046921573498,-80.89955382457997,0.6971028559082724,-0.46026340158332313
8.523615567318247,155.80432300914617,56.60910454342469,173.07590562015457,168.7674872754925,405.66175876624027,2.6298738503943797,10.952573835132942,-153.1923831744918,1.182453826605304,-1.1354608936981305
304.77290705568487,307.24156719142974,112.89504957575288,200.85058365632517,147.33001646594224,425.3538486527306,2.469669153806405,305.3259943894702,-307.4239054305421,0.5845032161193091,1.4597318750379402
285.6600495403064,297.9273980857651,30.225067809520855,45.312386653769735,251.45487468375777,455.43211233668006,2.5379726186940124,287.25904804731465,-302.40749788280414,0.44965590662585037,-1.7201025509478183
99.30968876536608,132.38598902671686,167.42205882582078,23.092644224833247,21.767687438576417,87.70916835958235,2.4673119220320348,98.02870189582771,-133.38271381110175,-0.7670545065706765,-0.5984259353435604
156.64826131150156,226.39911207457155,84.75207705958879,206.4055192635593,226.95490804427178,187.2959607888563,2.444905188553457,156.98505169645205,-224.41373499674597,0.21181707897447793,0.22857652751789734
362.11147960182035,212.87681324619106,17.912517333699064,39.757451046535614,21.767687438576417,349.43038736490104,2.5048385118285803,359.7288993232447,-211.78517889706703,-0.8202413294487015,1.8021648084314457
276.1036207826171,264.00460673157716,148.07376522095797,64.75466127908916,101.39257901690596,321.5636597122195,2.431245654866041,276.22899157639085,-265.68436852459865,-0.02402785808060396,0.3831002120732203
104.0879031442107,109.29202654861575,44.2965540676029,103.63921052972803,70.76762071754844,78.75167187373816,2.4869084027230253,104.26519653900672,-110.42259610141392,-1.640266639225316,0.4803046530132987
424.22826652680044,245.3760387727286,109.37717801123237,95.30680711887685,260.642362173565,375.2264283494724,2.3965045135467866,427.67252373817036,-246.19745609093343,-1.6325584029920932,-0.5693837001481272
233.0996913730155,401.3520781389101,155.109508349999,259.1774075322835,58.51763739780544,110.34788966378535,2.4810005612817623,232.641725650035,-402.67750568263597,-0.1910476899470299,0.5684802252745983
433.78469528448966,204.02720789465045,149.83270100321823,261.95487533590057,58.51763739780544,110.06887373322913,2.544839029361586,433.96478095979626,-208.08655563012962,-0.5484396718269897,0.1053093208790869
280.88183516146177,372.1657326314012,102.34143488219134,134.19135636951572,110.58006650671321,250.3285324977709,2.4411236463793204,281.35575799288586,-370.6385504301615,0.10678719347417348,-1.5884645404175581
199.65219072110315,183.03867683213738,46.05548984986316,189.74071244185694,89.14259569716295,275.3948999090632,2.5009291752530913,198.74255008932624,-180.5245569187592,-0.13476857911511902,0.7929348534931071
438.56290966333427,149.2326998096188,84.75207705958879,170.2984378165375,184.07996642517125,269.63785003195846,2.5139342593621263,436.957924196911,-152.26959769754828,0.030190787210155032,0.9703933898468512
285.6600495403064,267.52118381335816,134.00227896287595,164.7435022093034,251.45487468375777,50.79930268349858,2.5452534891821337,288.2576721900005,-265.0334779481855,0.6086074423567405,0.8033650488211627
381.22433711719884,277.07194950098204,56.60910454342469,136.96882417313276,6.455208288897661,402.82884742199604,2.4866420158694784,379.26250223127823,-277.27799590377646,-0.4632689556608324,0.033327925665802005
70.64040249229834,355.3536606815531,170.93993039034132,214.7379226744105,3.3927124589619098,128.782786092114,2.6085866341867807,67.98456634892379,-352.90339598521734,-0.219443811644863,-0.9561768831496472
295.2164782979956,101.16226542794885,172.69886617260156,206.4055192635593,144.26752063600648,67.8316836879079,2.2899081138548083,296.5770090565866,-101.08636455536796,1.4550212227631638,-2.3091837312848655
295.2164782979956,209.0194525686488,0.32315951109650465,23.092644224833247,211.642428894593,407.88427396066794,2.7937752847167774,297.5321079820436,-208.74836338433155,0.003084126825026962,0.15705360540145066
223.54326261532628,238.2125133941119,35.50187515630162,92.52933931525978,61.580133227741186,437.849615245353,2.4128866235962483,222.640443300125,-237.46764410014748,-0.17921047462538878,1.0819420597408491
295.2164782979956,317.017981600657,95.30569175315033,209.18298706717636,34.017670758319426,395.96124720634987,2.5403390023354078,294.34437132269585,-318.59811425092755,0.08251269932318937,0.9955324690830808
242.65612013070475,26.353534714670978,9.117838422397783,273.0647465503688,6.455208288897661,372.3970876107879,2.4061532089794153,243.22120718291833,-23.964186426014933,-0.1613643730095305,0.8160728433938479
261.7689776460833,407.6299199034929,160.38631569677977,95.30680711887685,205.5174372347215,303.29933455220015,2.56442681595093,260.3532722925969,-409.8726811796425,-0.7095722929532247,-0.07421097854939082
304.77290705568487,197.29229540936538,141.03802209191696,0.8729017958967544,266.7673538334365,256.54655956622116,2.527656915259493,303.20948201446095,-198.09642889839873,-0.9980298371797204,1.087464174031497
13.30182994616287,120.95890470399004,119.9307927047939,109.19414613696215,37.080166588255175,48.78376504745897,2.434928646265491,15.061015122135602,-119.91037534870371,-0.7634313401500049,0.9241618238559027
242.65612013070475,363.10248765054496,165.66312304356055,175.85337342377161,61.580133227741186,192.76522692957414,2.6073087345410313,243.870382332272,-364.1208781315159,0.8729191867707867,-0.4226335607215581
32.414687461541355,308.66421706107934,7.3589026401375275,59.19972567185504,15.642695778704915,176.7465936580515,2.4836039120398077,35.03700523417756,-307.10915457944947,-0.6299052547184123,0.6765980166158473
99.30968876536608,390.99929871655144,3.8410310756170163,164.7435022093034,113.64256233664896,126.16430791381944,2.5547215938057004,96.80451074063508,-388.2475663701835,-0.15492460183627646,-0.5359591454092917
347.77683646528646,141.48321295504837,91.78782018862981,175.85337342377161,116.7050581665847,333.83560721268015,2.4082840194803965,346.77191149146523,-139.4581209529407,0.7007362851328974,0.5400242316169221
185.3175475845693,230.49865869323523,39.019746720822134,256.3999397286664,288.2048246429868,231.920860111325,2.496911236442842,185.8799067091082,-234.37088932059248,-0.2783911708109784,-1.299116644301067
84.9750456288322,238.32809350435977,91.78782018862981,198.07311585270813,27.89267909844792,46.12305752531857,2.7003407267182107,83.12380392928347,-238.07639956512105,0.6333613148436524,-1.2222118086729215
18.080044325007492,401.92892646586245,63.644847672465716,28.64757983206737,300.4548079627298,108.44105822287686,2.596296552911413,19.36341919931679,-399.87156124446966,-1.540793042430867,1.0582070469439075
424.22826652680044,39.08049318195596,128.72547161609518,36.97998324291855,162.642495615621,315.8477586160245,2.530762075545105,426.6775207012531,-41.713990875600075,-0.13251667954189647,0.9375601222047649
285.6600495403064,131.43824860964804,128.72547161609518,164.7435022093034,135.0800331461992,43.92152079983423,2.45510791723902,284.49333359585165,-129.9910274351903,0.0788960965985086,0.6336115405758314
65.86218811345371,85.41549588304653,144.55589365643746,81.41946810079153,303.51730379266553,391.0699784644153,2.506749853587501,65.93937199390778,-84.0805743197679,0.02313872309816787,0.08796882105283044
41.9711162192306,116.51424609197531,28.4661320272606,95.30680711887685,263.70485800350076,231.59425544650293,2.519756599017238,44.882353599392836,-118.93842587585183,-1.652918697838884,-2.3912744310241485
429.00648090564505,203.4409160366993,148.07376522095797,234.1801972997299,73.8301165474842,225.07300627630562,2.5449228434919746,432.60502405568303,-201.77245070521897,1.2031126464308044,-0.07487593820648959
252.212548888394,158.29742585637638,135.7612147451362,100.86174272611096,248.39237885382204,275.1565554086685,2.3923339491822335,253.7041513905148,-157.75203026931652,-0.8546729449714168,0.4541831671898381
8.523615567318247,167.12003798864728,126.96653583383493,11.982773010365001,226.95490804427178,379.1892837570412,2.5668407960942363,9.710473913705465,-165.81927441120476,0.33503712526246754,-0.5347332475595915
400.3371946325773,347.35305405381666,0.32315951109650465,228.6252616924958,92.2050915270987,165.6034113412414,2.3910406901705348,398.62972156320745,-349.2856788253469,0.007964282647330446,-0.7124941928082376
438.56290966333427,381.7555300003874,88.26994862410929,214.7379226744105,181.0174705952355,313.4996479409737,2.663112585228187,439.28132846424995,-381.45525776764464,1.0037095238106777,1.4444203881536917
285.6600495403064,37.10378910268983,77.71633393054776,70.30959688632329,266.7673538334365,263.20873435822335,2.422837167758312,286.7736912218564,-40.51354621095448,2.1874888293742063,-0.060288991391611785
338.2204077075972,92.63556964648836,134.00227896287595,170.2984378165375,294.3298163028583,129.4224742864832,2.5296628319676175,337.7996673904751,-97.18955206155447,-1.290364484542836,0.4547951696423805
209.2086194787924,277.9618275232365,5.599966857877272,9.20530520674794,248.39237885382204,403.35248570947584,2.6005142573278017,208.01906696968106,-277.680170670181,-0.6489138812724988,0.7741314616193651
37.19290184038598,152.6681377575009,107.61824222897211,245.29006851419817,248.39237885382204,366.9820792792892,2.474761995653555,34.63030649343227,-150.46694254397826,0.189092493839052,-1.0014370765050777
223.54326261532628,110.77625324608073,112.89504957575288,114.74908174419627,43.20515824812668,304.736994592929,2.5340600019099857,220.0678031052237,-110.27037961755057,-1.1053533175527916,0.1932074227141938
166.2046900691908,127.26585263702555,54.85016876116444,245.29006851419817,27.89267909844792,390.7899646626179,2.643518154919005,162.30892304254849,-127.39274476491384,0.7821826079557601,1.3196444944772996
371.66790835950957,138.19565645189874,58.368040325684944,48.0898544573868,122.83004982645622,398.27530600140693,2.5564402987893264,372.8267935052441,-138.5707246920085,0.8433726221570585,1.8192231832997212
386.00255149604345,349.139922795276,160.38631569677977,109.19414613696215,202.45494140478576,327.09167305748304,2.5355550629674353,386.297950146497,-351.0250535781621,0.5594490759950371,0.03993639721469045
170.9829044480354,63.64836676011901,165.66312304356055,198.07311585270813,76.89261237741994,384.7128198987075,2.331521460517954,170.0152821849532,-64.09208856770962,0.23658175087619732,-0.23794354734707465
237.87790575186014,293.10447189404505,125.20760005157467,106.41667833334509,223.89241221433602,322.2134773920048,2.406627774725978,237.21499315641086,-292.2611029575162,1.3697087779697807,0.2690240681375333
18.080044325007492,230.52071465147066,67.16271923698623,36.97998324291855,67.70512488761268,314.45124265802906,2.604692012765001,18.500985408068463,-231.3911591170719,-1.155625481668862,0.2436370470275211
8.523615567318247,127.75482598338326,44.2965540676029,86.97440370802566,12.580199948769163,286.892870876834,2.5569950305341385,8.19448942530106,-126.2536522757117,0.06526819534255347,1.3867580661311534
27.63647308269674,177.1794781176943,58.368040325684944,139.74629197674983,79.95510820735569,346.9572147124332,2.5721466273785074,24.95536672268908,-176.7875280499651,-0.7388028687302217,-0.9963916891670672
256.9907632672386,111.59549991708272,93.54675597089006,103.63921052972803,177.95497476529974,80.86087282741333,2.5635396932214896,258.81676370778723,-110.96154108153591,0.8899163325651686,-0.27987308616602163
18.080044325007492,254.05361486329235,3.8410310756170163,267.5098109431347,89.14259569716295,404.35610442807337,2.6289756528375374,18.68829666634711,-252.27628935619043,-1.8333411645064328,-1.1171413268765105
256.9907632672386,41.58556095296249,86.51101284184904,61.977193475472106,300.4548079627298,400.31290188336686,2.473860007504488,257.5225602268663,-42.63907181827247,-0.028083865592979814,-1.0120948857975771
443.34112404217893,10.949703840077426,19.67145311595932,173.07590562015457,266.7673538334365,22.92285730005479,2.51204999587893,445.0162494488957,-9.630942667703522,0.33523868706994847,0.37657401513912436
299.99469267684026,260.62135980964234,112.89504957575288,39.757451046535614,113.64256233664896,379.69798981699756,2.3971325666870915,298.3674019647209,-261.3943132441463,-0.9474921349737745,0.8098578416370265
84.9750456288322,86.76383941175845,93.54675597089006,267.5098109431347,230.0174038742075,67.54277083385617,2.3721977416563624,87.40250850428389,-86.08481044412078,-0.6261900322215666,-0.6493916937437452
429.00648090564505,37.31419895867909,7.3589026401375275,67.53212908270623,214.70492472452875,159.9195346835979,2.3356259284411944,428.72639520176057,-38.60574165995223,0.015378981372105674,0.7720947889752895
209.2086194787924,167.9589573295043,163.90418726130028,45.312386653769735,55.45514156786968,342.83287616580003,2.411483650100015,210.98581723945415,-169.78036497563377,0.9550963794414762,1.1115786571319681
161.42647569034617,29.226201930153753,163.90418726130028,267.5098109431347,260.642362173565,81.82598106791457,2.6552561815489644,162.89537375732147,-29.042472438856766,-1.0328692285870538,1.93470599843339
352.5550508441311,364.3546865422658,98.82356331767083,181.40830903100576,128.95504148632773,376.1821794488575,2.344727293218396,350.47744718812595,-368.12508664630803,-0.8584499403746859,0.069746848841049
295.2164782979956,19.943643104260325,28.4661320272606,214.7379226744105,306.5797996226013,382.527499467028,2.4696464014422803,296.22227910782385,-20.536177991278088,1.125587771040344,-0.639764527444133
476.78862469409125,240.96326838082726,81.23420549506828,145.30122758398394,125.89254565639197,237.11279507056108,2.370685467635384,477.4411740357846,-244.1760223920456,-0.2729753999198351,-1.0024719316058948
65.86218811345371,184.67443110848356,39.019746720822134,139.74629197674983,116.7050581665847,12.683470297568899,2.439902603699664,65.9228114284424,-183.11596303985635,-0.7775390398449775,-1.1017931979198936
452.89755279986815,278.31570809968093,137.52015052739645,106.41667833334509,104.45507484684171,138.38468262666092,2.516969379235202,452.7088092997974,-276.2154869074631,0.7286847972169158,1.2497807014036066
228.3214769941709,140.4417059185591,148.07376522095797,139.74629197674983,52.39264573793393,286.1384189339297,2.4299884126794993,228.14969049473532,-142.16960836140072,-0.48819699723224685,-1.5150953429556504
70.64040249229834,71.03386954332748,23.18932468047983,192.51818024547399,113.64256233664896,449.2863312380432,2.608966486501646,72.26578134358633,-70.17724361838049,1.027421535338774,1.2177484856512002
342.99862208644186,402.534073080607,114.65398535801313,14.760240813982062,76.89261237741994,292.80597523264373,2.6533978120849566,344.1544431140249,-400.73580165323204,-0.6637203769797122,-0.8684410292521488
371.66790835950957,345.23621463518606,130.48440739835542,184.1857768346228,233.07989970414326,126.18661160533465,2.275090427194406,371.7288660600409,-343.4312761901825,-0.15959456182499593,-0.6852061978594057
414.67183776911116,353.8449297721421,88.26994862410929,17.537708617599126,266.7673538334365,293.787827970381,2.431700766964888,411.6879654761684,-353.4160281041988,0.9449716653887317,-0.15155545500997972
295.2164782979956,109.20764464120947,65.40378345472597,139.74629197674983,263.70485800350076,251.67710856441354,2.505914212227242,296.2053651261628,-107.73903529008648,-0.22626087117375152,-0.7036545495665113
190.0957619634139,24.441417834244355,111.13611379349263,198.07311585270813,260.642362173565,359.10790058029767,2.612611702601538,191.54298920176947,-25.740080458085142,0.7560533220786464,0.9319797549595751
405.11540901142195,130.4633514343201,170.93993039034132,114.74908174419627,83.01760403729145,57.73881428094214,2.4545755724846736,409.7162291823159,-130.29710650300672,-0.06554760678100492,1.8133439519827754
381.22433711719884,224.21083858872205,65.40378345472597,175.85337342377161,174.89247893536398,350.6797424507366,2.498006460475419,383.3752032434089,-225.1450454023036,1.981691806400029,-0.6574321575531379
390.78076587488806,139.83971830779433,86.51101284184904,39.757451046535614,95.26758735703446,252.2509441775745,2.3843255774948053,386.9824130990571,-141.30729425536506,1.5687786041028489,-0.43223783916462677
252.212548888394,340.79997048438446,170.93993039034132,78.64200029717448,18.705191608640668,441.1373509361697,2.3467204147737655,252.3694076864313,-340.7278437014452,-1.328096262433748,-0.1633208072838984
113.64433190189995,117.74436589804967,142.79695787417722,89.75187151164272,279.01733715317954,162.9442723910895,2.6445384689582934,117.26708195922991,-117.04930514573351,0.5222436812480098,0.5410567634926378
123.20076065958918,395.88278991442206,51.33229719664392,259.1774075322835,122.83004982645622,293.1680339611924,2.3175930126107063,124.44785837339245,-393.5557723785121,-0.8164039861010418,-0.15348427895585648
424.22826652680044,192.2085852051691,137.52015052739645,73.08706468994035,300.4548079627298,427.2689447431108,2.7328619008421566,424.88557084754683,-191.67827415057133,0.19150693879273067,1.3872574110525957
285.6600495403064,346.47496035560795,158.6273799145195,98.0842749224939,37.080166588255175,55.736340082388395,2.572515139938174,287.46050685813685,-345.19109928568486,0.06837062931026103,1.1466239165619274
194.87397634225854,86.8063717444036,88.26994862410929,78.64200029717448,162.642495615621,429.5981413232154,2.5679973075516758,193.62921995227694,-85.49980539790452,-1.0553870170924875,-1.1854623535951
137.53540379612306,173.80074255651917,109.37717801123237,103.63921052972803,217.7674205544645,317.92012499417496,2.557546866749443,138.49158378937798,-168.42567382512524,1.0584845435303247,0.5209681655748287
70.64040249229834,289.33608502377314,170.93993039034132,156.4110987984522,30.955174928383673,40.206814359167126,2.4747314311999036,70.13946641431451,-292.9561498303183,0.20330294356907486,1.5203392373095028
213.98683385763704,64.34270592523163,90.02888440636956,267.5098109431347,138.14252897613497,144.62173875527583,2.539208452970087,213.9475868860161,-65.71857365890598,-0.2846830356725835,-0.4947809457668834
309.5511214345295,62.09434423912624,65.40378345472597,73.08706468994035,52.39264573793393,327.0061762876994,2.4811103312215526,311.2080304659197,-59.146232134150075,-0.4381098242435948,-0.2942648717935566
424.22826652680044,397.6008496597444,169.18099460808105,150.85616319121806,79.95510820735569,39.988935072092914,2.555307327644048,422.37484032181607,-398.30487580945135,0.13977696976623552,-0.5280369978529553
338.2204077075972,295.3834805744353,153.35057256773874,89.75187151164272,260.642362173565,270.5713648534079,2.4966313473091284,340.7963726552011,-293.61187429923183,0.4079250175142854,-0.5070756155235057
41.9711162192306,25.336638506408875,137.52015052739645,186.96324463823987,282.0798329831153,164.7407084783108,2.4049651816898265,41.125492297059516,-24.8766194588832,-0.12497578635826605,-1.6684515519110479
419.4500521479558,168.77571001105082,51.33229719664392,236.95766510334698,190.20495808504273,287.924870881373,2.4129427383738244,419.9713778142566,-164.5653052086348,-2.8325195707762085,-1.3283149514650507
3.745401188473625,182.68840095930966,88.26994862410929,181.40830903100576,141.20502480607072,30.310683641032693,2.4015727624707495,0.9443852679237388,-184.9145098134371,0.016890716242483676,0.07747371873722987
37.19290184038598,307.19029445023483,141.03802209191696,25.870112028450308,196.32994974491425,400.1755244901858,2.597090073193431,38.63257642212876,-304.74669334519723,-1.4414820616097774,1.5135979746527783
419.4500521479558,109.45188642435818,7.3589026401375275,11.982773010365001,6.455208288897661,445.8388319056957,2.4382553387540904,422.3430600198489,-105.95272381381318,-0.20945256564907563,-0.6133608125182829
299.99469267684026,82.77834415932307,49.57336141438367,203.62805145994224,165.70499144555674,443.77356222511816,2.308789683891514,298.965409578404,-84.80718191365906,-1.4045642570696417,-0.642757302948558
51.52754497691985,41.296394617081646,5.599966857877272,267.5098109431347,199.39244557485,345.5845193496236,2.5396838665848804,49.30709820390065,-39.73065412991895,-1.4164976350794674,1.7015210704207346
386.00255149604345,180.60098121384368,16.15358155143881,103.63921052972803,156.51750395574948,68.08757142394576,2.6514517562589583,386.55851762552885,-182.5319771855018,1.235121821948528,-1.1082574618159868
37.19290184038598,284.920765450459,97.06462753541058,34.20251543930149,162.642495615621,349.4414592950781,2.5773083189177526,40.10252313036946,-284.86044230538874,-0.3200919809443903,-1.661243162706422
166.2046900691908,32.203236946227705,28.4661320272606,84.19693590440859,110.58006650671321,20.835527857465507,2.439667643477829,163.304976938229,-32.716412806592054,-0.3966621598219177,-0.8285154361374998
166.2046900691908,375.8203130580666,128.72547161609518,128.63642076228157,79.95510820735569,19.732212471811238,2.341318828440491,163.99207370673412,-380.62582092786596,0.48252404882859146,-0.6627844787943661
156.64826131150156,186.22933470950332,28.4661320272606,275.84221435398587,89.14259569716295,154.7649373964991,2.486573189664249,155.73988219487853,-185.38086619007953,-0.37059052307245194,-1.7474530846950653
22.858258703852115,105.0121661262084,146.31482943869773,242.5126007105811,64.64262905767694,228.6814790030594,2.484077612190329,21.217571054790724,-104.72548779099594,2.1038060921274098,-0.12804170627461128
194.87397634225854,46.50879625133507,153.35057256773874,142.52375978036687,34.017670758319426,354.8807292479517,2.4030800389686235,193.23960540904056,-43.55063830452355,-0.2730197607260194,0.9484463498615354
132.75718941727845,82.18988778880353,119.9307927047939,153.63363099483513,122.83004982645622,315.8641571719796,2.555103730224254,128.5689481619509,-80.96760047950444,0.36512541198301046,-1.2859547737148262
32.414687461541355,383.5987347133035,58.368040325684944,39.757451046535614,34.017670758319426,209.53846326561484,2.6846626500830473,33.59280135635309,-379.01696686514595,0.970941331376861,0.08757821895358911
347.77683646528646,264.78162643512235,9.117838422397783,78.64200029717448,110.58006650671321,132.37782688698454,2.522228271745828,348.45427747102576,-264.56754167096494,1.6022532256069097,0.3959356756267731
342.99862208644186,216.03712622539024,91.78782018862981,20.315176421216186,181.0174705952355,456.42493900788656,2.5160476206998847,339.60092368683456,-216.24818632939485,-0.7420061356576401,-0.0833842752742931
56.30575935576447,272.33570586914266,114.65398535801313,11.982773010365001,119.76755399652046,200.70545263370968,2.4062771951166178,59.220150875676964,-272.70441917057684,-0.41796350383864467,0.1856925897410594
161.42647569034617,183.55129702885282,134.00227896287595,78.64200029717448,303.51730379266553,211.9948319116381,2.639741470306037,164.78866032020713,-184.43047445091636,1.2745918752935148,0.19732726259521088
156.64826131150156,301.5757447962707,74.19846236602724,128.63642076228157,165.70499144555674,83.10870318342481,2.4924855833189983,155.14645021194133,-305.99124662903586,0.8100623040526913,-0.812727956918432
228.3214769941709,28.002359135615116,130.48440739835542,186.96324463823987,300.4548079627298,365.8101884545291,2.442103674480583,230.6545741761249,-28.44274838963103,1.0751759356684585,1.4985825720118682
108.86611752305532,235.82008509676248,39.019746720822134,209.18298706717636,168.7674872754925,320.51631827266567,2.5063688393651615,107.72012191307343,-239.95579454963448,-1.3687045435596683,1.2477568340762155
295.2164782979956,72.479204853878,95.30569175315033,123.08148515504746,73.8301165474842,108.70370550387813,2.547196133324661,295.57871131841773,-71.57513816470646,1.5479997539240187,1.1899113972411677
419.4500521479558,57.05015826802971,139.2790863096567,3.650369599513816,67.70512488761268,46.72091378951272,2.5139215408644904,417.778527877914,-59.53027885297088,-0.761407543284805,1.0136757405438634
175.76111882688005,145.9454638426055,165.66312304356055,73.08706468994035,211.642428894593,314.61182463568446,2.6206153395670593,180.1896218738046,-147.73412908878234,0.19229297814189597,-1.574979469433024
472.01041031524665,45.677148485538325,130.48440739835542,261.95487533590057,171.82998310542823,302.97203194420257,2.5383971552546862,471.4183758605869,-47.01596887520343,-0.14822287759177039,0.9260623778119661
209.2086194787924,46.622543336093116,26.707196245000343,98.0842749224939,101.39257901690596,132.2133890421428,2.4716058189117467,209.46151752443933,-47.03241341171961,-0.8784828365480701,0.6556014275495079
409.89362339026655,133.73016080420496,12.635709986918295,98.0842749224939,110.58006650671321,435.7051488012534,2.540119221632689,408.5177486153389,-133.71642429432688,-1.412535763421003,-1.5365236149437833
433.78469528448966,401.5997293556215,5.599966857877272,70.30959688632329,61.580133227741186,77.48055483796284,2.549963710112596,437.50732647896245,-399.43077018947537,-1.7438481166328978,-0.2149103551500782
166.2046900691908,79.16848320800867,5.599966857877272,117.52654954781333,254.51737051369352,203.46154038458076,2.370362408073616,169.97791936136963,-80.32354339502378,0.1190184060539747,0.2767934493252883
309.5511214345295,15.751504980588201,97.06462753541058,73.08706468994035,303.51730379266553,432.4590057215447,2.6149419728263714,312.81297979705533,-14.791212708143462,-1.5253190902334557,1.6643170981246351
472.01041031524665,314.937246128156,42.537618285342646,189.74071244185694,248.39237885382204,197.81478012108659,2.469909598063864,473.9232910119419,-309.4755116617089,-1.1338155950868831,0.7247238578942587
223.54326261532628,332.39777739187474,116.41292114027338,53.64479006462092,190.20495808504273,295.8123982297704,2.472467677649457,222.29368352145818,-331.64307598634826,-0.2180358781982199,-0.8645657272783016
371.66790835950957,147.71950244622383,167.42205882582078,28.64757983206737,300.4548079627298,187.90167722422132,2.5751375987075944,373.3236085514344,-148.0804820240871,-2.6388085002598998,1.6953884584519632
13.30182994616287,195.179039470042,116.41292114027338,203.62805145994224,223.89241221433602,132.6414260354021,2.574716522425958,13.2877443483134,-196.7373427738986,0.7789797120440013,0.0437797627138891
3.745401188473625,269.3937208205139,46.05548984986316,103.63921052972803,79.95510820735569,450.53660142243615,2.4299168321133915,6.3702184319588895,-269.7823839113546,-2.409888167106808,-0.25584113690309174
22.858258703852115,28.139801336174187,162.14525147904004,14.760240813982062,202.45494140478576,193.1597250107588,2.5802901618145686,25.09006281058284,-29.912242023393,-0.07737239133277289,-0.3271181965888122
429.00648090564505,389.42514630769006,54.85016876116444,198.07311585270813,223.89241221433602,410.28098634333406,2.4439551848510477,427.7079497494932,-388.88782345432253,0.015019226594289363,-1.6235552380231333
65.86218811345371,364.38004157794484,86.51101284184904,61.977193475472106,223.89241221433602,112.81756784084402,2.6819573046698655,67.75783971912814,-364.17295330066605,0.538061720181809,-0.10976950381614235
127.9789750384338,113.47459602121347,105.85930644671186,128.63642076228157,122.83004982645622,105.27067304235274,2.4171806018734237,129.34304393852165,-117.79903446304905,-0.04168080238989361,0.49748525730565785
41.9711162192306,15.00712777804912,88.26994862410929,248.0675363178152,52.39264573793393,23.76793521722229,2.5239477461705895,36.42399049340371,-15.044243789581255,2.0179079638332387,-0.38538332752521576
376.4461227383542,383.12654727569065,31.98400359178111,125.85895295866452,3.3927124589619098,301.6980599053962,2.421798236309239,378.0479960176131,-380.9742546504106,0.21631688156850074,0.4204524772475584
70.64040249229834,209.7597972725981,35.50187515630162,31.425047635684432,272.892345493308,174.88239977777874,2.7222695629135076,69.77681091501792,-210.5580209770036,1.0536123992436601,-0.8643910709141808
429.00648090564505,225.13101356008528,7.3589026401375275,248.0675363178152,187.142462255107,396.96032420426627,2.376217905591288,427.2343959969817,-226.4368071049084,-0.7234628088702879,-0.1409279142776198
199.65219072110315,283.10203081535417,142.79695787417722,34.20251543930149,132.01753731626346,221.7690726576491,2.552436274725291,197.96566951251566,-285.8574323615879,0.1207568061894677,0.3165403266086319
366.88969398066496,255.79269081018361,160.38631569677977,170.2984378165375,128.95504148632773,443.46701436466213,2.42650895855222,366.6192081894009,-259.50867489343244,1.5475700950289262,0.18966087706342083
242.65612013070475,387.318535622451,72.43952658376699,225.84779388887873,76.89261237741994,92.9182430668658,2.4645892358552013,243.61623929087813,-385.6558370883245,-0.23769512468964085,-1.6054650897190463
299.99469267684026,387.4628724796248,105.85930644671186,245.29006851419817,119.76755399652046,398.87053641804636,2.5453537833745177,297.2637686324559,-387.8258291387832,0.19223476419523094,-0.43900595087122857
457.67576717871276,356.56906967341234,37.260810938561875,267.5098109431347,107.51757067677745,357.65291243675756,2.622458443762614,458.0554628511377,-355.0250265494055,0.9808534491374752,1.677462930312606
247.4343345095494,264.0330654397353,35.50187515630162,164.7435022093034,9.517704118833413,355.1111356470892,2.6623396562299044,248.58785064193552,-260.97041795057635,-0.7422295201916345,-0.4924460743305178
457.67576717871276,330.006674754393,121.68972848705415,117.52654954781333,135.0800331461992,388.1928767262582,2.346305203997368,461.39937874605204,-328.16417938457226,-2.1615603333191933,0.015807544111839433
18.080044325007492,280.3774451558438,0.32315951109650465,209.18298706717636,156.51750395574948,350.67799050436173,2.526775122436446,15.926663986557232,-281.4621897987214,0.2555736537123689,-0.08675575054894435
448.11933842102354,238.7589368965493,7.3589026401375275,275.84221435398587,288.2048246429868,290.300837044627,2.645949360338352,447.42011404746796,-238.4692015672342,0.9886691693580026,1.5682397589196513
108.86611752305532,60.39230930888361,19.67145311595932,186.96324463823987,300.4548079627298,68.60651306421273,2.331468906123806,109.38944346844828,-61.62185503919745,-1.3514457648919713,1.2903681221946703
70.64040249229834,334.1183081397399,156.86844413225927,11.982773010365001,37.080166588255175,24.39144072627247,2.5314383494054846,72.93522115268155,-335.53488506494324,0.6702198972773387,0.8075309998188095
204.4304050999478,337.9013346240081,79.47526971280801,100.86174272611096,58.51763739780544,422.261424265536,2.4997916202579815,203.82195733760418,-337.21570429920286,0.6769663873395375,-0.9732423133725336
137.53540379612306,259.8376166002121,58.368040325684944,198.07311585270813,135.0800331461992,286.0145309605056,2.5414541814379787,139.93268654010515,-261.50220436644844,-2.273496259115304,0.35918304919208
170.9829044480354,337.81608111127883,84.75207705958879,253.62247192504935,181.0174705952355,366.58402612575645,2.4227695974673527,167.10817981508248,-342.23438434945626,-0.9362886324067723,0.5679417430751318
61.08397373460909,270.0797717672754,135.7612147451362,84.19693590440859,150.39251229587796,225.49212974612212,2.356438117178656,58.577277348365314,-271.85606755873016,-0.3958287807316623,-0.6986048355960544
151.87004693265695,91.7397173270881,156.86844413225927,23.092644224833247,187.142462255107,62.36441596207344,2.3086893574820975,152.56733562132538,-92.35347962446285,-0.17962400023523706,-0.8705171058476889
338.2204077075972,118.71393327971049,77.71633393054776,139.74629197674983,52.39264573793393,65.89271205486332,2.5976383953462103,335.39875871142146,-115.67113628404664,-0.7431342647679838,1.70501414720703
280.88183516146177,94.90908331852373,46.05548984986316,78.64200029717448,226.95490804427178,316.88082639687843,2.6104049136483356,278.5328941079283,-95.89095821826646,-0.7970028035821819,-0.30080331221692885
409.89362339026655,160.13062846202394,126.96653583383493,214.7379226744105,174.89247893536398,202.55281454510398,2.530268534899599,408.8380696617747,-159.1067802799654,1.6714828911820923,1.6149768189111484
132.75718941727845,24.492898193607672,44.2965540676029,109.19414613696215,168.7674872754925,99.63623278315914,2.4465851650311903,134.3000674011101,-24.82951466153181,-0.10755913185890842,0.9970937554945338
314.3293358133741,256.7560469465205,81.23420549506828,111.9716139405792,144.26752063600648,230.00336063558169,2.3376954106534256,310.5374061307595,-254.30323665877972,-0.6950436601497395,0.40787678237532143
199.65219072110315,143.8102559082508,149.83270100321823,236.95766510334698,37.080166588255175,38.58181645149212,2.5563345462505023,199.99278744542795,-141.4960631373229,-0.041169476912550004,0.4525314363594847
213.98683385763704,271.7789177011284,97.06462753541058,28.64757983206737,190.20495808504273,270.4822087400321,2.3899220717163314,216.05276175194265,-269.4265674906486,0.5370908330611436,-1.4004195603307676
295.2164782979956,163.39332535717114,163.90418726130028,61.977193475472106,245.32988302388628,130.30263736908805,2.4288701375239463,294.8265878811377,-166.86129241600585,0.05162637671120796,0.20677477983441644
271.3254064037725,282.1597721606681,109.37717801123237,0.8729017958967544,269.8298496633723,367.0416839849572,2.441343592043728,270.5877459445874,-281.74632406617815,-0.20572759082797323,1.4170204129816264
27.63647308269674,145.4422401354122,82.99314127732853,125.85895295866452,254.51737051369352,148.83118021598145,2.480246477430303,28.440015647813887,-143.9243629351683,-0.6500166686704533,0.681339503185609
132.75718941727845,113.39477003397812,105.85930644671186,56.42225786823798,24.83018326851217,213.71164839424043,2.4240959552791352,132.37296731183557,-112.63169290879945,-0.662130845467599,0.1543366870644103
132.75718941727845,207.7541031521248,141.03802209191696,248.0675363178152,291.26732047292256,15.028023426641367,2.50334587709923,135.53818897975995,-206.48091050048114,-0.5978083864853595,1.71193719581703
209.2086194787924,286.6810931942106,44.2965540676029,98.0842749224939,64.64262905767694,42.271508411069235,2.437818169949361,206.98579345452353,-286.56439118563964,0.3388146008107369,-0.18504072266080399
400.3371946325773,148.53433425836886,61.88591189020546,148.07869538760102,248.39237885382204,185.61706364523062,2.570137306483922,400.2339063222471,-150.0239026718219,-0.9941800924017872,-0.6195556750216844
142.3136181749677,384.4143167526884,0.32315951109650465,239.73513290696403,266.7673538334365,224.78288913678418,2.6031062913988054,142.72499092488906,-387.8085115226609,0.3932692234702219,0.153831916078257
295.2164782979956,24.582386634279636,12.635709986918295,156.4110987984522,245.32988302388628,278.56623253401267,2.510854267602844,294.45957019430267,-25.873525491576586,1.41299475562683,0.766467368111596
357.3332652229757,176.44381615887673,172.69886617260156,0.8729017958967544,214.70492472452875,140.4559234105502,2.5462626335381104,351.59069989706074,-171.08759641159995,0.32570735781319976,-1.717794095808261
438.56290966333427,396.8164766687967,90.02888440636956,173.07590562015457,220.82991638440026,321.09842254697503,2.711785594962589,438.2410998472359,-397.78777902097806,-0.36958552891713703,0.2848686434904174
424.22826652680044,228.576900608285,137.52015052739645,148.07869538760102,76.89261237741994,395.063130108482,2.3827396743138682,426.0286205006254,-232.4956810604665,-1.2981268850546304,0.8103450155363101
295.2164782979956,178.6589958873809,81.23420549506828,150.85616319121806,251.45487468375777,359.1104059589222,2.3766531898719894,296.7726966702476,-177.19369716592274,1.5781068079115141,-0.2696416252968609
462.45398155755737,236.81565840943256,97.06462753541058,109.19414613696215,272.892345493308,27.568162617723218,2.5694997900776877,463.16353852189775,-235.10473839206728,-1.1700176505989124,1.1069647663026416
3.745401188473625,239.7843646315539,149.83270100321823,39.757451046535614,37.080166588255175,225.0373408013994,2.6946542837514764,1.5496764717751779,-237.20971585124963,0.8485620344757479,0.6411866624110701
127.9789750384338,302.2206386505486,23.18932468047983,56.42225786823798,46.26765407806243,56.82043451133748,2.4739501438061278,128.76959396335076,-301.27868164313503,0.6385178605944855,2.141383118511077
295.2164782979956,60.067294558965386,156.86844413225927,128.63642076228157,181.0174705952355,118.23273600328878,2.6726833842218762,294.06960265491114,-58.37609153003148,-0.23676860296405963,-0.7506028975812151
366.88969398066496,109.11345836606392,47.81442563212342,200.85058365632517,79.95510820735569,451.73916034148345,2.509643371879349,367.59665979256226,-105.43302409637994,-0.262978803780678,0.8307098504960894
13.30182994616287,241.63650019433348,151.5916367854785,145.30122758398394,79.95510820735569,73.64556833569176,2.431911271796092,13.5448399689663,-243.12744717845771,-1.8357112740410206,-1.0173239077974048
333.4421933287526,356.536061419589,135.7612147451362,23.092644224833247,144.26752063600648,233.27009079098926,2.40093076113623,331.48944278618586,-358.42376283043643,0.3300650008126215,-1.615366451276726
342.99862208644186,234.14794080551914,153.35057256773874,203.62805145994224,98.3300831869702,286.68879274130114,2.5629413584886787,341.21371040772806,-236.337113884625,0.6199263323958049,-2.035530842817873
127.9789750384338,104.5348425531761,2.0820952933567605,142.52375978036687,30.955174928383673,324.4500177857289,2.4085040932217305,128.68901994727685,-105.06638172616407,-1.0890801161478045,0.5383240223969266
41.9711162192306,281.4505467080856,44.2965540676029,156.4110987984522,49.330149907998184,260.4840966484432,2.508127684276703,41.5288900286536,-278.58370186843524,-0.15582147432910282,0.18424791394410256
295.2164782979956,305.5328390624502,23.18932468047983,70.30959688632329,217.7674205544645,14.19956550834446,2.6583465025384094,293.5359154366813,-304.4767023269577,0.03786191500895019,-0.4790510573617538
175.76111882688005,104.39021909243323,102.34143488219134,111.9716139405792,52.39264573793393,156.04191037996546,2.469321960712863,173.91545844742637,-103.41283518701479,0.5845726279495681,-1.773504333949613
462.45398155755737,160.3189931332845,97.06462753541058,95.30680711887685,70.76762071754844,241.7009350414307,2.63140094746439,461.84631986158496,-163.95760899061395,0.0038030761231874206,-0.6903866261386762
242.65612013070475,223.10625645804726,10.87677420465804,173.07590562015457,79.95510820735569,49.177791048176886,2.3785456510273595,245.79232972014117,-224.4926301125201,-1.6263193539615841,0.004093007675456265
209.2086194787924,207.96409211285962,3.8410310756170163,67.53212908270623,260.642362173565,166.86544013750392,2.44660908986832,208.1564634143685,-211.6354073785837,-0.5299377694624893,0.7931693667930979
113.64433190189995,165.08589650340318,39.019746720822134,248.0675363178152,263.70485800350076,24.69463027922109,2.3592855973785083,113.61629282538478,-162.74340492476009,0.22462578538901948,-0.01653575024762565
376.4461227383542,128.20590035221178,30.225067809520855,206.4055192635593,21.767687438576417,45.017792107962194,2.5072996755973356,376.6494113137332,-125.03460736644033,0.8415283420397591,0.25206034270527783
280.88183516146177,48.959204404536344,65.40378345472597,103.63921052972803,43.20515824812668,187.60108880720742,2.5780078179716583,278.6197823784779,-47.40007095005558,-0.6176366093942468,-0.3761323809741358
151.87004693265695,30.315472828314707,172.69886617260156,3.650369599513816,242.26738719395053,69.26530320102546,2.5075187087606188,148.34438196497155,-32.289044919793795,2.1876498745500195,1.7492242025271545
457.67576717871276,393.1923219858467,24.948260462740087,17.537708617599126,21.767687438576417,264.01891470021894,2.622705005997015,455.6224857092413,-390.2282769986151,-1.8944730688369646,-1.0182496443282278
419.4500521479558,348.5278213119219,111.13611379349263,225.84779388887873,27.89267909844792,318.62745313355146,2.425082075937087,419.9442069035684,-349.03433113197235,-0.563700175057901,-0.6992382172851277
247.4343345095494,151.16796937870538,155.109508349999,250.84500412143228,147.33001646594224,368.39771367232083,2.5225342753689066,247.6089966253802,-153.5968879402107,-0.0830336034927732,-0.49235807399351306
295.2164782979956,392.4944341532477,47.81442563212342,92.52933931525978,220.82991638440026,99.46850600835563,2.447253067638614,296.6212914362977,-394.42324266247107,-0.20074916355286412,0.542704397976724
276.1036207826171,280.21769384867827,128.72547161609518,250.84500412143228,181.0174705952355,84.83700190348699,2.5361676585423654,276.29712057253533,-281.0780071198619,-1.2321423298148326,-1.0388597897868805
247.4343345095494,202.33474177041595,67.16271923698623,45.312386653769735,266.7673538334365,56.658147073613506,2.5503736046212424,247.21523592661097,-202.23558472944654,0.44786174775179377,0.13571859054799862
56.30575935576447,206.5465414207116,98.82356331767083,117.52654954781333,285.14232881305105,294.8737569622901,2.558239595998406,55.097734805914214,-206.8692298440152,0.37109405131392204,0.16491014342655733
185.3175475845693,42.26324884146441,28.4661320272606,161.96603440568632,251.45487468375777,326.246393420639,2.39294056617644,187.08676116429467,-45.08858567780646,0.04796144598154671,-0.69435797073338
8.523615567318247,45.639091460852356,149.83270100321823,139.74629197674983,291.26732047292256,23.970409032158777,2.411025389821343,6.685255289876814,-43.212458642481074,0.33184386325851556,0.3299794609568569
13.30182994616287,250.41593620805546,156.86844413225927,148.07869538760102,288.2048246429868,429.1429776122766,2.429571229180881,11.081030911570828,-250.71714804692914,-0.4237764114480308,-1.0078138987374312
266.5471920249279,230.8747784459874,75.95739814828751,64.75466127908916,119.76755399652046,33.10069948694091,2.47611192521334,267.6813030597041,-232.30228615852872,-1.6173629501085678,-1.117074142461746
386.00255149604345,94.16283645688634,42.537618285342646,67.53212908270623,303.51730379266553,252.26427185864458,2.508718640420643,383.33623687473613,-91.94223173292082,-0.7166398700522447,0.09960575652144064
280.88183516146177,388.241884914549,28.4661320272606,195.29564804909106,55.45514156786968,327.40409515269846,2.570808912185668,285.711417158779,-390.6086972910821,0.15705458140944115,-1.6597555854780628
8.523615567318247,322.1268244931469,21.430388898219576,142.52375978036687,181.0174705952355,399.9212654782758,2.415190130066077,8.683602328436534,-325.38460486029595,0.16274441484639593,-2.144802702550238
8.523615567318247,54.36381513876746,146.31482943869773,192.51818024547399,52.39264573793393,329.65537281727086,2.339898070229825,9.219427799968019,-51.81884024556998,0.041379052585847835,0.5328333007968004
438.56290966333427,382.12129953069785,42.537618285342646,242.5126007105811,43.20515824812668,368.90892760962777,2.715574316320679,436.9460700142875,-378.3385238315972,0.5487082679850316,1.0489699425911703
256.9907632672386,399.489833713585,118.17185692253365,89.75187151164272,95.26758735703446,161.8594957957421,2.386854697934757,256.3602335787555,-400.41402575088784,-0.5811460454500165,-0.4668031186925292
414.67183776911116,408.1835158009465,16.15358155143881,134.19135636951572,73.8301165474842,374.7749506568747,2.5836323722995553,413.81832353534645,-408.2754558167808,0.02668105711053596,-0.6680706520977705
457.67576717871276,31.272068239781017,116.41292114027338,78.64200029717448,303.51730379266553,45.70590685795602,2.5031266877248672,456.5920972033755,-33.565397668822825,0.5720927784049215,1.0055352259745598
462.45398155755737,304.38084530819117,30.225067809520855,173.07590562015457,184.07996642517125,410.6023257605223,2.525130564080638,463.71990506057705,-304.3698602077044,-0.08488981850235336,-1.14553821799892
3.745401188473625,227.75251441326824,174.45780195486182,59.19972567185504,138.14252897613497,255.08420270096843,2.49984494941641,2.8462491120230626,-228.70392494073064,-1.2433239284060988,-1.3633726247211584
89.75326000767683,291.869759634613,149.83270100321823,70.30959688632329,300.4548079627298,375.8824275124224,2.4615158118052873,91.7882624658452,-292.07401651468297,-0.9614883696555376,0.7076364237084876
8.523615567318247,397.24604504015247,58.368040325684944,75.8645324935574,9.517704118833413,212.41193360928975,2.5463972282923457,13.849980267557894,-396.42752826495797,0.8308523242793667,0.0090381865123073
252.212548888394,284.7323656396614,12.635709986918295,234.1801972997299,113.64256233664896,298.0750231090749,2.4561412793742705,251.6214664081009,-286.9286565957231,1.3924721629425727,1.0648767392902379
209.2086194787924,344.4465041823124,68.92165501924649,134.19135636951572,132.01753731626346,245.59355089604338,2.616630274723679,209.51325050594565,-345.17012686077754,1.175283107824049,-2.140265878777979
429.00648090564505,356.43666664172605,144.55589365643746,195.29564804909106,122.83004982645622,337.49459963506814,2.5568441006256153,429.7654450199761,-360.0442294852824,0.23215594974203504,-1.400673991118563
151.87004693265695,345.05469193005024,72.43952658376699,223.07032608526166,275.9548413232438,46.384520265683406,2.5599594113281494,155.49305655784397,-345.7646664982768,-1.2031326020166928,0.0143320598441565
333.4421933287526,179.70968275437923,70.68059080150674,231.40272949611284,168.7674872754925,36.85437229698242,2.449287693994341,333.2768977586762,-179.89655089621323,-0.006351556772868734,0.41767369848378655
151.87004693265695,98.11154243791151,9.117838422397783,134.19135636951572,266.7673538334365,120.49825900345064,2.4763645262911003,150.21201309334023,-97.65357758778936,1.5622551319504216,0.8469970876894585
323.88576457106336,167.90594240558167,90.02888440636956,53.64479006462092,119.76755399652046,81.28169856153963,2.3812087191357936,321.353083559812,-167.42678932485526,0.6184883804564755,0.17481776880877767
261.7689776460833,366.47157454294717,44.2965540676029,236.95766510334698,46.26765407806243,400.28604591010867,2.464698394327444,261.6530097512188,-364.66372904147346,-0.2074775226838726,0.16465515535856898
357.3332652229757,67.65118723134503,111.13611379349263,253.62247192504935,12.580199948769163,108.00695714505477,2.39634240836437,356.4365047848679,-70.73052026989167,0.6286252328412164,-0.3894015430301985
266.5471920249279,214.68590938266297,170.93993039034132,173.07590562015457,285.14232881305105,446.9031458369485,2.6313068515588713,270.5672106035279,-217.65846344256354,-1.2693952066156047,1.5909049049045176
80.19683124998758,102.38225949500759,102.34143488219134,167.52097001292043,263.70485800350076,160.71540640872348,2.5050535815594004,83.73655609134151,-101.32434362222254,-0.6956713778482021,-1.1030234554704978
180.53933320572466,241.94178091036906,97.06462753541058,134.19135636951572,76.89261237741994,91.39201466335997,2.517049723504043,178.47058754987745,-246.0197034643799,-1.0841913910223249,0.3590201525559389
113.64433190189995,354.94107203621405,102.34143488219134,195.29564804909106,40.14266241819092,363.52100637923377,2.477485347264998,112.22281169480159,-354.57447161200406,0.4695718183484327,-0.9878088345880198
328.66397894990797,361.8459076664606,121.68972848705415,0.8729017958967544,251.45487468375777,304.85162781916216,2.5197578922051407,328.8115191656817,-364.2064935456404,0.7141034997200926,0.5347785458050096
467.23219593640204,103.76837150540797,56.60910454342469,264.73234313951764,101.39257901690596,232.95995550226863,2.7464877635857685,470.02664878151955,-100.62274222357361,-0.15382602719836666,-1.0370175693877663
333.4421933287526,372.80520567962446,91.78782018862981,34.20251543930149,49.330149907998184,258.56483060142375,2.469985971560751,333.55621960149466,-372.3043008641689,-0.872929676739566,0.7438156985004581
409.89362339026655,246.1851001575687,37.260810938561875,259.1774075322835,128.95504148632773,331.9462589028269,2.4349586965290007,408.5991421142905,-246.62341219699485,-0.019749093534627345,0.11210494682451708
51.52754497691985,149.288767419285,35.50187515630162,239.73513290696403,202.45494140478576,112.14579419285978,2.552969313290544,51.4097813571144,-146.83332566500664,-0.48657989067380747,1.7446391732586815
75.41861687114296,292.8118624340098,121.68972848705415,139.74629197674983,168.7674872754925,456.07084465844633,2.2474281366397513,74.16164714335086,-294.9386664471517,-0.7961707046937446,-0.2810196472715856
462.45398155755737,201.9923509629073,121.68972848705415,153.63363099483513,303.51730379266553,446.4229662950329,2.5063956786910935,463.65893597643634,-203.7391702310829,0.3389936853092464,0.42496611624754527
347.77683646528646,160.42271892706432,5.599966857877272,228.6252616924958,128.95504148632773,301.0973777624311,2.4628287096707098,346.35876904195703,-162.94562859437454,-0.7579922225186737,-0.7796562804607097
280.88183516146177,291.5702065241741,163.90418726130028,170.2984378165375,104.45507484684171,99.19628173969063,2.4007686733963904,279.86096305660783,-293.3002849768721,-1.5663497329640925,-0.2878930064412945
333.4421933287526,108.5953205310991,130.48440739835542,86.97440370802566,92.2050915270987,314.4904198566366,2.55077576703115,335.7660609556648,-108.47308931236432,-1.3441144703631869,0.10574947944435283
381.22433711719884,141.2836327964397,107.61824222897211,81.41946810079153,40.14266241819092,42.16021734870803,2.5053988418445794,379.6876072225707,-140.29572905245226,-1.6032604668159496,-1.527219922471374
443.34112404217893,183.0617226831787,107.61824222897211,78.64200029717448,40.14266241819092,23.55224026848743,2.3197591092505783,440.4488679770586,-181.1388793124436,0.2475119165762044,-1.417623934184772
13.30182994616287,110.58320865695632,163.90418726130028,134.19135636951572,55.45514156786968,125.23677559297661,2.4353470478807564,13.49181744887548,-114.2326567507578,0.15040543817616392,0.5998592998356451
94.53147438652145,171.3342079568097,165.66312304356055,123.08148515504746,98.3300831869702,217.0272885118517,2.2111728794807277,93.81052757811226,-171.6779339297363,0.10052009450816196,-0.1460868215316796
280.88183516146177,237.99954236650106,40.77868250308239,256.3999397286664,294.3298163028583,398.7134783310163,2.52932693141335,281.9046661633217,-240.21587142888265,0.5877316524799424,-0.5929265330480219
170.9829044480354,305.95988469795685,95.30569175315033,81.41946810079153,303.51730379266553,335.51472542640846,2.5283299418440155,171.6178483174976,-306.37045888093303,1.1919588561171166,-0.7369861804167557
89.75326000767683,316.4730340793228,14.39464576917855,42.53491885015267,119.76755399652046,342.47378740428184,2.4206718106166325,89.6894230183901,-311.80470691906874,-0.5922665308251153,-0.6984887957236937
429.00648090564505,338.76371549478586,3.8410310756170163,109.19414613696215,141.20502480607072,200.3973190575439,2.5540112711683127,428.88439405470507,-338.1799919707858,0.4064774772384181,0.11255071500822862
319.1075501922187,307.2580595763336,53.09123297890418,50.86732226100386,89.14259569716295,164.76396988762812,2.371750137887848,317.635833293573,-305.45912963403714,-1.5796155074058769,0.4450358641161897
89.75326000767683,281.929533328491,68.92165501924649,48.0898544573868,190.20495808504273,176.00768608520414,2.4033482974065006,89.91995414966331,-278.0081507841689,1.3787097462633506,-2.092107229625224
94.53147438652145,104.09765783204452,61.88591189020546,0.8729017958967544,285.14232881305105,452.1812140909549,2.5417190464382564,96.29404394938699,-101.842941345695,-1.244831238218157,1.412834056769892
457.67576717871276,169.33783005573184,40.77868250308239,214.7379226744105,190.20495808504273,27.787792448693978,2.4311333245037057,455.7288736959138,-170.23365901510581,-0.7100811190404376,1.3417007629419926
338.2204077075972,200.4077813669523,165.66312304356055,128.63642076228157,174.89247893536398,398.157643252607,2.4937343043797555,338.2096129548741,-202.95944554009216,-0.5977095137330924,-2.3306547635468995
247.4343345095494,42.105641965927916,9.117838422397783,181.40830903100576,49.330149907998184,269.0059677977136,2.4436350972573657,249.51111202101862,-42.165930504969616,-1.5262709967222121,1.0859266963227974
156.64826131150156,220.7176918501956,114.65398535801313,253.62247192504935,171.82998310542823,206.27456355835085,2.4589068843700814,157.65910949793496,-221.85310341863297,0.03257557740856184,1.0552188513310425
190.0957619634139,183.81709600611035,146.31482943869773,259.1774075322835,30.955174928383673,334.6586251710563,2.463277578404501,192.71470775611533,-186.8661385793487,0.2139038682014817,0.0004454941875451166
185.3175475845693,330.4717514839657,160.38631569677977,103.63921052972803,92.2050915270987,227.79723353526407,2.4293243242781823,184.18126292490064,-329.98990148938674,-0.18941367098154974,-1.2971686218848764
390.78076587488806,400.95426570803727,130.48440739835542,139.74629197674983,76.89261237741994,401.02043761953456,2.5302449714360122,387.1192289780983,-400.4224931119186,-1.5402476320310767,1.0152280916650722
3.745401188473625,231.79774602971906,5.599966857877272,173.07590562015457,257.5798663436293,413.23824884331634,2.437207151324605,4.146704796384999,-228.2595126291925,1.9833862348517115,-0.24123106629735142
51.52754497691985,138.25003409599293,137.52015052739645,9.20530520674794,15.642695778704915,198.7076971636544,2.50156867137956,52.252686606972816,-138.97356023366655,0.549230796501648,0.5488788438189564
438.56290966333427,26.272147711949724,9.117838422397783,0.8729017958967544,199.39244557485,133.81157995768575,2.4271268318625596,441.2997535722796,-25.711904934010825,2.6342220436499586,2.2192012719617784
271.3254064037725,379.60105560061305,163.90418726130028,20.315176421216186,288.2048246429868,275.1308214376188,2.346570137361554,273.70169787318645,-380.93202642999347,-0.8051092398862925,0.2518367506236188
424.22826652680044,377.3847915782533,88.26994862410929,78.64200029717448,150.39251229587796,418.4613044771482,2.5912435249259165,425.30175377282535,-375.63845271686637,0.9578822281769765,-0.9168846917185619
237.87790575186014,110.30575305286283,107.61824222897211,150.85616319121806,9.517704118833413,104.1766961134743,2.5499526985095406,239.40868618020102,-110.55498864524309,0.7792738873941635,-0.3357309949197217
108.86611752305532,287.6917785507005,98.82356331767083,6.427837403130877,138.14252897613497,288.8435217975822,2.7288682068797674,108.48247460664204,-290.036961768406,-0.29057510309736223,-0.7894453602409877
147.0918325538123,39.11589296181003,114.65398535801313,86.97440370802566,43.20515824812668,292.69252171086805,2.395602716000174,144.65360333117388,-39.142836605140346,1.411050901059224,0.4334897174485225
448.11933842102354,75.51394364869901,137.52015052739645,25.870112028450308,92.2050915270987,338.17695964508493,2.4791039512667967,448.35478085578535,-74.73289785356901,-0.4054100076137785,-0.8060675587498047
199.65219072110315,95.79917372769535,130.48440739835542,203.62805145994224,208.57993306465727,68.7510951422565,2.4871492519144196,201.6173376483587,-95.28862695286823,-0.3608914194246071,-0.47285142234964317
472.01041031524665,126.94644397904756,12.635709986918295,228.6252616924958,55.45514156786968,330.4338194167201,2.598936943828213,473.32313205490374,-124.85465054805582,-3.471429891938383,-1.2844303744075998
32.414687461541355,408.14347472655004,44.2965540676029,92.52933931525978,190.20495808504273,416.96946282147167,2.449289210586739,34.08230213986008,-411.03958747063143,0.40902805374263734,-0.13208700551914349
75.41861687114296,288.2987807994833,88.26994862410929,267.5098109431347,113.64256233664896,90.3014901570647,2.3828958145824144,74.56310549704945,-289.9842659795132,-1.3255099116824065,0.1767547933020496
429.00648090564505,162.91428164647772,77.71633393054776,239.73513290696403,76.89261237741994,116.21647571883818,2.6207809308461,428.4753872296082,-161.63470698288666,-0.5507211956955113,-2.6847880471174923
285.6600495403064,304.40696642941606,75.95739814828751,150.85616319121806,147.33001646594224,444.9010071339906,2.4683349970738773,286.62690051653556,-305.8575043853382,-1.0262196387450275,0.2595735614802209
8.523615567318247,375.83659701459595,7.3589026401375275,253.62247192504935,199.39244557485,90.88098927926318,2.5878643509726045,7.430600778300738,-375.35565451593556,-0.36623153931826163,-0.045700231096779335
3.745401188473625,393.2568380945389,121.68972848705415,86.97440370802566,162.642495615621,392.4934517389565,2.5762198400792213,2.7139670486076204,-398.09632858936243,0.44388023021743567,-0.7649919487561274
228.3214769941709,32.07104661269535,44.2965540676029,136.96882417313276,242.26738719395053,230.30940790585612,2.49701095260977,228.9174414669258,-26.639153468069583,0.011141563048757437,2.028628924269873
56.30575935576447,167.0520105420687,118.17185692253365,17.537708617599126,223.89241221433602,120.55551737829889,2.4825686294965252,57.827568842078286,-167.59144760518336,0.709641290505807,0.9584765276047547
328.66397894990797,51.67406787735752,31.98400359178111,256.3999397286664,46.26765407806243,399.8230780253941,2.4608435193670197,328.26492160324915,-49.28615535738096,1.2656295355856315,-1.0964024861514015
175.76111882688005,143.451751797761,146.31482943869773,20.315176421216186,150.39251229587796,209.2708710444094,2.498480687123001,173.43473990477278,-144.125547448928,-0.36879593667783545,0.8382368795711403
151.87004693265695,76.90300288965994,169.18099460808105,178.6308412273887,269.8298496633723,240.40461306833367,2.586310022617063,150.39843910257127,-76.07360583219817,-0.4785672420161137,1.2444980760210578
41.9711162192306,268.22083094066494,33.74293937404137,156.4110987984522,208.57993306465727,170.7201737810934,2.420355981894042,42.3784603890168,-265.2369916479744,0.9577276536620096,0.1320209226175572
472.01041031524665,164.54474149865635,19.67145311595932,184.1857768346228,37.080166588255175,275.3997893369825,2.510884563020912,472.3934522429786,-162.21312946023957,1.0370472887399296,0.36144203694732535
89.75326000767683,100.84531016348194,81.23420549506828,242.5126007105811,181.0174705952355,83.0639372479544,2.388136857180119,90.23573628298753,-101.25422012285239,0.740590868103047,0.33834666692159093
228.3214769941709,115.49707846894145,0.32315951109650465,239.73513290696403,113.64256233664896,184.98463476650196,2.400589376695781,229.3640675753624,-115.76758711972884,-0.9521788067393494,-2.0858158589232887
381.22433711719884,153.3490665220613,156.86844413225927,161.96603440568632,187.142462255107,444.01294442619195,2.4969061002844377,381.23595823428377,-151.34193340169472,0.42265506550160375,-0.18686959685039925
13.30182994616287,113.09620092045145,23.18932468047983,198.07311585270813,132.01753731626346,125.43856962301851,2.3039841991706167,13.831942035843495,-108.42971211188085,0.10947060404728903,-0.23891284198402865
94.53147438652145,190.59506035561554,111.13611379349263,148.07869538760102,214.70492472452875,303.9687878378714,2.7060558616616053,94.44142074086372,-190.21049500681747,1.0525289413496632,1.4301556365598782
